feature,importance
pop_density_per_sqmi,0.3808969867239449
median_income,0.10656176104144827
dist_nearest_airport_mi,0.10283715547617989
business_activity_index,0.09326403690232504
dist_nearest_hospital_mi,0.06561658163112788
dist_nearest_convention_center_mi,0.056838136468329276
dist_nearest_university_mi,0.05183925277854161
dist_nearest_attraction_mi,0.03680115917007261
hotels_within_5mi,0.034412800845848086
dist_nearest_highway_mi,0.02003164178469999
hotels_within_1mi,0.012007379445312317
hotel_density_per_sqmi,0.010377755565575384
hotels_within_3mi,0.010083270755897098
competitors_within_3mi,0.009726311107447198
hospitals_within_5mi,0.0052757788129103025
universities_within_5mi,0.0029503773489317083
airports_within_25mi,0.00039220926421123294
attractions_within_3mi,8.740487719728225e-05
